<?xml version="1.0" encoding="UTF-8"?>
<beans:beans xmlns="http://www.springframework.org/schema/mvc"
    xmlns:xsi="http://www.w3.org/2001/XMLSchema-instance" xmlns:beans="http://www.springframework.org/schema/beans"
    xmlns:context="http://www.springframework.org/schema/context"
    xmlns:tx="http://www.springframework.org/schema/tx"
    xmlns:security="http://www.springframework.org/schema/security" 
    xmlns:webflow="http://www.springframework.org/schema/webflow-config"
    xsi:schemaLocation="http://www.springframework.org/schema/mvc http://www.springframework.org/schema/mvc/spring-mvc.xsd
        http://www.springframework.org/schema/beans http://www.springframework.org/schema/beans/spring-beans.xsd 
        http://www.springframework.org/schema/context http://www.springframework.org/schema/context/spring-context.xsd
        http://www.springframework.org/schema/tx http://www.springframework.org/schema/tx/spring-tx.xsd
        http://www.springframework.org/schema/security http://www.springframework.org/schema/security/spring-security-4.0.xsd 
        http://www.springframework.org/schema/webflow-config http://www.springframework.org/schema/webflow-config/spring-webflow-config.xsd">
  
  	<beans:bean id="dataSource" class="org.apache.commons.dbcp.BasicDataSource" destroy-method="close"> 
        <beans:property name="driverClassName" value="org.h2.Driver" />
        <beans:property name="url" value="jdbc:h2:tcp://localhost/~/test" />
        <beans:property name="username" value="sa" />
        <beans:property name="password" value="" />
    </beans:bean>
 <tx:annotation-driven transaction-manager="transactionManager"/>
 
 
 

 
    <!-- Hibernate  SessionFactory -->
    <beans:bean id="sessionFactory"  class="org.springframework.orm.hibernate4.LocalSessionFactoryBean">
        <beans:property name="dataSource" ref="dataSource" />               
        <beans:property name="hibernateProperties">
            <beans:props>
                <beans:prop key="hibernate.dialect">org.hibernate.dialect.H2Dialect</beans:prop>
                <beans:prop key="hibernate.show_sql">true</beans:prop>
                <beans:prop key="hibernate.hbm2ddl.auto">update</beans:prop>               
            </beans:props>
        </beans:property>        
       <beans:property name="packagesToScan">
           <beans:list><beans:value>com.niit.colloborate</beans:value></beans:list>       
       </beans:property> 
    </beans:bean>
   
	<!-- Spring security -->
	
	
	<security:http auto-config="true" >
			
			<security:intercept-url pattern="/" access="hasRole('ROLE_USER')" />
       		<security:form-login login-page="/login" default-target-url="/logincheck"  authentication-failure-url="/logincheck?error"/>
       		<security:csrf disabled="true"/>
    </security:http>
    
    
	<security:authentication-manager>
       <security:authentication-provider>
           <security:jdbc-user-service data-source-ref="dataSource"
            	authorities-by-username-query="select u1.username, u2.role from user_authentication u1, user_authorization u2 where u1.user_id = u2.user_id and u1.username =?" 
                users-by-username-query="select username,password,enabled from user_authentication where username=?"/>                                                  
       </security:authentication-provider> 
   </security:authentication-manager>
   
   
  
 
</beans:beans>