<?xml version="1.0" encoding="UTF-8"?>
<beans xmlns="http://www.springframework.org/schema/beans"
xmlns:context="http://www.springframework.org/schema/context"
xmlns:xsi="http://www.w3.org/2001/XMLSchema-instance"
xmlns:mvc="http://www.springframework.org/schema/mvc"
xmlns:tx="http://www.springframework.org/schema/tx"
xsi:schemaLocation="http://www.springframework.org/schema/beans http://www.springframework.org/schema/beans/spring-beans.xsd
http://www.springframework.org/schema/mvc http://www.springframework.org/schema/mvc/spring-mvc.xsd
http://www.springframework.org/schema/context http://www.springframework.org/schema/context/spring-context.xsd 
http://www.springframework.org/schema/tx http://www.springframework.org/schema/tx/spring-tx.xsd">


<context:component-scan base-package="com.niit.colloborate.controller"/>
<mvc:resources mapping="/resources/**" location="/resources/"/>
<mvc:annotation-driven/>

<bean
		class="org.springframework.web.servlet.view.InternalResourceViewResolver">
		<property name="prefix">
			<value>/WEB-INF/view/</value>
		</property>
		<property name="suffix">
			<value>.jsp</value>
		</property>
	</bean>

<bean name="custs" class="com.niit.colloborate.service.CustomerService"/>
<bean name="chatservice" class="com.niit.colloborate.service.ChatMessageService"/>
<bean name="blogservice" class="com.niit.colloborate.service.BlogService"/>
<bean name="custdao" class="com.niit.colloborate.dao.Customerdoa"/>
<bean name="blogdao" class="com.niit.colloborate.dao.BlogDao"/>
<bean name="chatdao" class="com.niit.colloborate.dao.ChatMessageDao"/>
<bean name="mailConfirm" class="com.niit.colloborate.service.MailConfirmationService"/>


 <!-- Mail configuration -->
   
   <bean id="javaMailSender" class="org.springframework.mail.javamail.JavaMailSenderImpl">
	<property name="host" value="smtp.gmail.com" />
	<property name="port" value="587" />
	<property name="username" value="justcollaborate@gmail.com" />
	<property name="password" value="collaborate@2016" /> 
	<property name="javaMailProperties">
            <props>
                <prop key="mail.smtp.ssl.trust">smtp.gmail.com</prop>
                <prop key="mail.smtp.starttls.enable">true</prop>                                
                <prop key="mail.smtp.auth">true</prop>
            </props>
	</property>
</bean>
  
 <bean id="emailTemplate"
	class="org.springframework.mail.SimpleMailMessage"> 
	<property name="from" value="justcollaborate@gmail.com" />	
	<property name="subject" value="Mail from JustColloborate.com" />
</bean>
   
</beans>